insert into m_stage values
(1,'事前放流運用ステージⅠ','事前放流実施の判断','事前放流実施の判断'),
(2,'事前放流運用ステージⅡ','確保容量の設定','確保容量の設定'),
(3,'事前放流運用ステージⅢ','事前放流実施(開始・中断）','事前放流実施(開始・中断）'),
(4,'事前放流運用ステージⅣ','事前放流終了(洪水調節操作へ移行）','事前放流終了(洪水調節操作へ移行'),
(5,'事前放流運用ステージⅤ','事前放流中止（貯水位回復操作へ移行）','事前放流中止（貯水位回復操作へ移行）');

insert into m_group values
(1,'国河川管理者','国河川管理者','milt'),
(2,'県河川管理者','県河川管理者','pref'),
(3,'宮ヶ瀬ダム','宮ヶ瀬ダム','miyagase'),
(4,'補助ダム','補助ダム','assist'),
(5,'利水ダム','利水ダム','water_util');


insert into m_role values
(101,1,'国河川管理者'),
(201,2,'県河川管理者'),
(301,3,'宮ヶ瀬ダム'),
(401,4,'補助ダム'),
(501,5,'利水ダム');


insert into m_organization values
(10001,'京浜河川事務所　管理課',null),
(10002,'神奈川県　河川下水道部　河川課',null),
(10003,'山梨県　県土整備部　治水課',null),
(10004,'相模川水系広域ダム管理事務所（宮ケ瀬ダム）',null),
(10005,'神奈川県　県土整備局　城山ダム管理事務所',null),
(10006,'山梨県　県土整備部　深城ダム管理事務所',null),
(10007,'神奈川県企業庁　相模川水系ダム管理事務所　相模ダム管理部',null),
(10008,'神奈川県企業庁　相模川水系ダム管理事務所（道志ダム）',null),
(10009,'東京電力リニューアブルパワー㈱　駒橋事業所　土木保守グループ（大野ダム、葛野川ダム）',null),
(99999,'ゲスト',null);


insert into m_user values
(10001,pgp_sym_encrypt('Ac7mvyXJ','keihin-workflow'),'京浜河川事務所　管理課',10001,null,30),
(10002,pgp_sym_encrypt('d8F9AnU3','keihin-workflow'),'神奈川県　河川下水道部　河川課',10002,null,20),
(10003,pgp_sym_encrypt('k5Ftwmuy','keihin-workflow'),'山梨県　県土整備部　治水課',10003,null,20),
(10004,pgp_sym_encrypt('e8ZTs7r4','keihin-workflow'),'相模川水系広域ダム管理事務所（宮ケ瀬ダム）',10004,null,30),
(10005,pgp_sym_encrypt('g5J9s2Sq','keihin-workflow'),'神奈川県　県土整備局　城山ダム管理事務所',10005,null,20),
(10006,pgp_sym_encrypt('P6zB2rZT','keihin-workflow'),'山梨県　県土整備部　深城ダム管理事務所',10006,null,20),
(10007,pgp_sym_encrypt('cZ5AVQaB','keihin-workflow'),'神奈川県企業庁　相模川水系ダム管理事務所　相模ダム管理部',10007,null,20),
(10008,pgp_sym_encrypt('Si7UaTYt','keihin-workflow'),'神奈川県企業庁　相模川水系ダム管理事務所（道志ダム）',10008,null,20),
(10009,pgp_sym_encrypt('x3BwaUhn','keihin-workflow'),'東京電力リニューアブルパワー㈱　駒橋事業所　土木保守グループ（大野ダム、葛野川ダム）',10009,null,20),
(99999,pgp_sym_encrypt('!Touken2640','keihin-workflow'),'ゲスト',99999,null,30);

insert into m_organization_role_map values
(101,10001),
(201,10002),
(201,10003),
(301,10004),
(401,10005),
(401,10006),
(501,10007),
(501,10008),
(501,10009);

insert into m_stage_phase values
(1001,1,'事前放流態勢への移行'),
(2001,2,'予測降雨量が基準降雨量に到達'),
(2002,2,'確保容量の設定'),
(3001,3,'放流予告'),
(3002,3,'放流の開始'),
(3003,3,'事前放流の実施'),
(3004,3,'事前放流の実施に関する情報'),
(3005,3,'洪水量報告'),
(4001,4,'事前放流態勢の解除'),
(4002,4,'事前放流の完了に関する情報'),
(5001,5,'事前放流態勢の解除');

